일자,지역,연매출 3억원 이하,연매출 3억~30억원,연매출 30억원 초과,월 결제 한도
2020-07-01,인천광역시 서구,10%,10%,10%,100만원
2020-07-01,인천광역시 계양구,10%,10%,10%,100만원
2020-07-01,인천광역시 남동구,10%,10%,10%,100만원
2020-07-01,인천광역시 동구,10%,10%,10%,100만원
2020-07-01,인천광역시 중구,10%,10%,10%,100만원
2020-07-01,인천광역시 미추홀구,10%,10%,10%,100만원
2020-07-01,인천광역시 부평구,10%,10%,10%,100만원
2020-07-01,인천광역시 연수구,10%,10%,10%,100만원
2020-07-01,인천광역시 옹진군,10%,10%,10%,100만원
2020-07-01,인천광역시 강화군,10%,10%,10%,100만원
2020-08-01,인천광역시 서구,10%,10%,10%,100만원
2020-08-01,인천광역시 계양구,10%,10%,10%,100만원
2020-08-01,인천광역시 남동구,10%,10%,10%,100만원
2020-08-01,인천광역시 동구,10%,10%,10%,100만원
2020-08-01,인천광역시 중구,10%,10%,10%,100만원
2020-08-01,인천광역시 미추홀구,10%,10%,10%,100만원
2020-08-01,인천광역시 부평구,10%,10%,10%,100만원
2020-08-01,인천광역시 연수구,10%,10%,10%,100만원
2020-08-01,인천광역시 옹진군,10%,10%,10%,100만원
2020-08-01,인천광역시 강화군,10%,10%,10%,100만원
2020-09-01,인천광역시 서구,10%,10%,10%,100만원
2020-09-01,인천광역시 계양구,10%,10%,10%,100만원
2020-09-01,인천광역시 남동구,10%,10%,10%,100만원
2020-09-01,인천광역시 동구,10%,10%,10%,100만원
2020-09-01,인천광역시 중구,10%,10%,10%,100만원
2020-09-01,인천광역시 미추홀구,10%,10%,10%,100만원
2020-09-01,인천광역시 부평구,10%,10%,10%,100만원
2020-09-01,인천광역시 연수구,10%,10%,10%,100만원
2020-09-01,인천광역시 옹진군,10%,10%,10%,100만원
2020-09-01,인천광역시 강화군,10%,10%,10%,100만원
2020-10-01,인천광역시 서구,10%,10%,10%,100만원
2020-10-01,인천광역시 계양구,10%,10%,10%,100만원
2020-10-01,인천광역시 남동구,10%,10%,10%,100만원
2020-10-01,인천광역시 동구,10%,10%,10%,100만원
2020-10-01,인천광역시 중구,10%,10%,10%,100만원
2020-10-01,인천광역시 미추홀구,10%,10%,10%,100만원
2020-10-01,인천광역시 부평구,10%,10%,10%,100만원
2020-10-01,인천광역시 연수구,10%,10%,10%,100만원
2020-10-01,인천광역시 옹진군,10%,10%,10%,100만원
2020-10-01,인천광역시 강화군,10%,10%,10%,100만원
2020-11-01,인천광역시 서구,10%,10%,10%,100만원
2020-11-01,인천광역시 계양구,10%,10%,10%,100만원
2020-11-01,인천광역시 남동구,10%,10%,10%,100만원
2020-11-01,인천광역시 동구,10%,10%,10%,100만원
2020-11-01,인천광역시 중구,10%,10%,10%,100만원
2020-11-01,인천광역시 미추홀구,10%,10%,10%,100만원
2020-11-01,인천광역시 부평구,10%,10%,10%,100만원
2020-11-01,인천광역시 연수구,10%,10%,10%,100만원
2020-11-01,인천광역시 옹진군,10%,10%,10%,100만원
2020-11-01,인천광역시 강화군,10%,10%,10%,100만원
2020-12-01,인천광역시 서구,10%,10%,10%,100만원
2020-12-01,인천광역시 계양구,10%,10%,10%,100만원
2020-12-01,인천광역시 남동구,10%,10%,10%,100만원
2020-12-01,인천광역시 동구,10%,10%,10%,100만원
2020-12-01,인천광역시 중구,10%,10%,10%,100만원
2020-12-01,인천광역시 미추홀구,10%,10%,10%,100만원
2020-12-01,인천광역시 부평구,10%,10%,10%,100만원
2020-12-01,인천광역시 연수구,10%,10%,10%,100만원
2020-12-01,인천광역시 옹진군,10%,10%,10%,100만원
2020-12-01,인천광역시 강화군,10%,10%,10%,100만원
2021-01-01,인천광역시 서구,10%,10%,10%,100만원
2021-01-01,인천광역시 계양구,10%,10%,10%,100만원
2021-01-01,인천광역시 남동구,10%,10%,10%,100만원
2021-01-01,인천광역시 동구,10%,10%,10%,100만원
2021-01-01,인천광역시 중구,10%,10%,10%,100만원
2021-01-01,인천광역시 미추홀구,10%,10%,10%,100만원
2021-01-01,인천광역시 부평구,10%,10%,10%,100만원
2021-01-01,인천광역시 연수구,10%,10%,10%,100만원
2021-01-01,인천광역시 옹진군,10%,10%,10%,100만원
2021-01-01,인천광역시 강화군,10%,10%,10%,100만원
2021-02-01,인천광역시 서구,10%,10%,10%,100만원
2021-02-01,인천광역시 계양구,10%,10%,10%,100만원
2021-02-01,인천광역시 남동구,10%,10%,10%,100만원
2021-02-01,인천광역시 동구,10%,10%,10%,100만원
2021-02-01,인천광역시 중구,10%,10%,10%,100만원
2021-02-01,인천광역시 미추홀구,10%,10%,10%,100만원
2021-02-01,인천광역시 부평구,10%,10%,10%,100만원
2021-02-01,인천광역시 연수구,10%,10%,10%,100만원
2021-02-01,인천광역시 옹진군,10%,10%,10%,100만원
2021-02-01,인천광역시 강화군,10%,10%,10%,100만원
2021-03-01,인천광역시 서구,10%,10%,10%,100만원
2021-03-01,인천광역시 계양구,10%,10%,10%,100만원
2021-03-01,인천광역시 남동구,10%,10%,10%,100만원
2021-03-01,인천광역시 동구,10%,10%,10%,100만원
2021-03-01,인천광역시 중구,10%,10%,10%,100만원
2021-03-01,인천광역시 미추홀구,10%,10%,10%,100만원
2021-03-01,인천광역시 부평구,10%,10%,10%,100만원
2021-03-01,인천광역시 연수구,10%,10%,10%,100만원
2021-03-01,인천광역시 옹진군,10%,10%,10%,100만원
2021-03-01,인천광역시 강화군,10%,10%,10%,100만원
2021-04-01,인천광역시 서구,10%,10%,10%,100만원
2021-04-01,인천광역시 계양구,10%,10%,10%,100만원
2021-04-01,인천광역시 남동구,10%,10%,10%,100만원
2021-04-01,인천광역시 동구,10%,10%,10%,100만원
2021-04-01,인천광역시 중구,10%,10%,10%,100만원
2021-04-01,인천광역시 미추홀구,10%,10%,10%,100만원
2021-04-01,인천광역시 부평구,10%,10%,10%,100만원
2021-04-01,인천광역시 연수구,10%,10%,10%,100만원
2021-04-01,인천광역시 옹진군,10%,10%,10%,100만원
2021-04-01,인천광역시 강화군,10%,10%,10%,100만원
2021-05-01,인천광역시 서구,10%,10%,10%,100만원
2021-05-01,인천광역시 계양구,10%,10%,10%,100만원
2021-05-01,인천광역시 남동구,10%,10%,10%,100만원
2021-05-01,인천광역시 동구,10%,10%,10%,100만원
2021-05-01,인천광역시 중구,10%,10%,10%,100만원
2021-05-01,인천광역시 미추홀구,10%,10%,10%,100만원
2021-05-01,인천광역시 부평구,10%,10%,10%,100만원
2021-05-01,인천광역시 연수구,10%,10%,10%,100만원
2021-05-01,인천광역시 옹진군,10%,10%,10%,100만원
2021-05-01,인천광역시 강화군,10%,10%,10%,100만원
2021-06-01,인천광역시 서구,10%,10%,10%,100만원
2021-06-01,인천광역시 계양구,10%,10%,10%,100만원
2021-06-01,인천광역시 남동구,10%,10%,10%,100만원
2021-06-01,인천광역시 동구,10%,10%,10%,100만원
2021-06-01,인천광역시 중구,10%,10%,10%,100만원
2021-06-01,인천광역시 미추홀구,10%,10%,10%,100만원
2021-06-01,인천광역시 부평구,10%,10%,10%,100만원
2021-06-01,인천광역시 연수구,10%,10%,10%,100만원
2021-06-01,인천광역시 옹진군,10%,10%,10%,100만원
2021-06-01,인천광역시 강화군,10%,10%,10%,100만원
2021-07-01,인천광역시 서구,10%,10%,10%,100만원
2021-07-01,인천광역시 계양구,10%,10%,10%,100만원
2021-07-01,인천광역시 남동구,10%,10%,10%,100만원
2021-07-01,인천광역시 동구,10%,10%,10%,100만원
2021-07-01,인천광역시 중구,10%,10%,10%,100만원
2021-07-01,인천광역시 미추홀구,10%,10%,10%,100만원
2021-07-01,인천광역시 부평구,10%,10%,10%,100만원
2021-07-01,인천광역시 연수구,10%,10%,10%,100만원
2021-07-01,인천광역시 옹진군,10%,10%,10%,100만원
2021-07-01,인천광역시 강화군,10%,10%,10%,100만원
2021-08-01,인천광역시 서구,10%,10%,10%,100만원
2021-08-01,인천광역시 계양구,10%,10%,10%,100만원
2021-08-01,인천광역시 남동구,10%,10%,10%,100만원
2021-08-01,인천광역시 동구,10%,10%,10%,100만원
2021-08-01,인천광역시 중구,10%,10%,10%,100만원
2021-08-01,인천광역시 미추홀구,10%,10%,10%,100만원
2021-08-01,인천광역시 부평구,10%,10%,10%,100만원
2021-08-01,인천광역시 연수구,10%,10%,10%,100만원
2021-08-01,인천광역시 옹진군,10%,10%,10%,100만원
2021-08-01,인천광역시 강화군,10%,10%,10%,100만원
2021-09-01,인천광역시 서구,10%,10%,10%,100만원
2021-09-01,인천광역시 계양구,10%,10%,10%,100만원
2021-09-01,인천광역시 남동구,10%,10%,10%,100만원
2021-09-01,인천광역시 동구,10%,10%,10%,100만원
2021-09-01,인천광역시 중구,10%,10%,10%,100만원
2021-09-01,인천광역시 미추홀구,10%,10%,10%,100만원
2021-09-01,인천광역시 부평구,10%,10%,10%,100만원
2021-09-01,인천광역시 연수구,10%,10%,10%,100만원
2021-09-01,인천광역시 옹진군,10%,10%,10%,100만원
2021-09-01,인천광역시 강화군,10%,10%,10%,100만원
2021-10-01,인천광역시 서구,10%,10%,10%,100만원
2021-10-01,인천광역시 계양구,10%,10%,10%,100만원
2021-10-01,인천광역시 남동구,10%,10%,10%,100만원
2021-10-01,인천광역시 동구,10%,10%,10%,100만원
2021-10-01,인천광역시 중구,10%,10%,10%,100만원
2021-10-01,인천광역시 미추홀구,10%,10%,10%,100만원
2021-10-01,인천광역시 부평구,10%,10%,10%,100만원
2021-10-01,인천광역시 연수구,10%,10%,10%,100만원
2021-10-01,인천광역시 옹진군,10%,10%,10%,100만원
2021-10-01,인천광역시 강화군,10%,10%,10%,100만원
2021-11-01,인천광역시 서구,10%,10%,10%,100만원
2021-11-01,인천광역시 계양구,10%,10%,10%,100만원
2021-11-01,인천광역시 남동구,10%,10%,10%,100만원
2021-11-01,인천광역시 동구,10%,10%,10%,100만원
2021-11-01,인천광역시 중구,10%,10%,10%,100만원
2021-11-01,인천광역시 미추홀구,10%,10%,10%,100만원
2021-11-01,인천광역시 부평구,10%,10%,10%,100만원
2021-11-01,인천광역시 연수구,10%,10%,10%,100만원
2021-11-01,인천광역시 옹진군,10%,10%,10%,100만원
2021-11-01,인천광역시 강화군,10%,10%,10%,100만원
2021-12-01,인천광역시 서구,10%,10%,10%,100만원
2021-12-01,인천광역시 계양구,10%,10%,10%,100만원
2021-12-01,인천광역시 남동구,10%,10%,10%,100만원
2021-12-01,인천광역시 동구,10%,10%,10%,100만원
2021-12-01,인천광역시 중구,10%,10%,10%,100만원
2021-12-01,인천광역시 미추홀구,10%,10%,10%,100만원
2021-12-01,인천광역시 부평구,10%,10%,10%,100만원
2021-12-01,인천광역시 연수구,10%,10%,10%,100만원
2021-12-01,인천광역시 옹진군,10%,10%,10%,100만원
2021-12-01,인천광역시 강화군,10%,10%,10%,100만원
2022-01-01,인천광역시 서구,10%,10%,10%,100만원
2022-01-01,인천광역시 계양구,10%,10%,10%,100만원
2022-01-01,인천광역시 남동구,10%,10%,10%,100만원
2022-01-01,인천광역시 동구,10%,10%,10%,100만원
2022-01-01,인천광역시 중구,10%,10%,10%,100만원
2022-01-01,인천광역시 미추홀구,10%,10%,10%,100만원
2022-01-01,인천광역시 부평구,10%,10%,10%,100만원
2022-01-01,인천광역시 연수구,10%,10%,10%,100만원
2022-01-01,인천광역시 옹진군,10%,10%,10%,100만원
2022-01-01,인천광역시 강화군,10%,10%,10%,100만원
2022-02-01,인천광역시 서구,10%,10%,10%,100만원
2022-02-01,인천광역시 계양구,10%,10%,10%,100만원
2022-02-01,인천광역시 남동구,10%,10%,10%,100만원
2022-02-01,인천광역시 동구,10%,10%,10%,100만원
2022-02-01,인천광역시 중구,10%,10%,10%,100만원
2022-02-01,인천광역시 미추홀구,10%,10%,10%,100만원
2022-02-01,인천광역시 부평구,10%,10%,10%,100만원
2022-02-01,인천광역시 연수구,10%,10%,10%,100만원
2022-02-01,인천광역시 옹진군,10%,10%,10%,100만원
2022-02-01,인천광역시 강화군,10%,10%,10%,100만원
2022-03-01,인천광역시 서구,10%,10%,10%,100만원
2022-03-01,인천광역시 계양구,10%,10%,10%,100만원
2022-03-01,인천광역시 남동구,10%,10%,10%,100만원
2022-03-01,인천광역시 동구,10%,10%,10%,100만원
2022-03-01,인천광역시 중구,10%,10%,10%,100만원
2022-03-01,인천광역시 미추홀구,10%,10%,10%,100만원
2022-03-01,인천광역시 부평구,10%,10%,10%,100만원
2022-03-01,인천광역시 연수구,10%,10%,10%,100만원
2022-03-01,인천광역시 옹진군,10%,10%,10%,100만원
2022-03-01,인천광역시 강화군,10%,10%,10%,100만원
2022-04-01,인천광역시 서구,10%,10%,10%,100만원
2022-04-01,인천광역시 계양구,10%,10%,10%,100만원
2022-04-01,인천광역시 남동구,10%,10%,10%,100만원
2022-04-01,인천광역시 동구,10%,10%,10%,100만원
2022-04-01,인천광역시 중구,10%,10%,10%,100만원
2022-04-01,인천광역시 미추홀구,10%,10%,10%,100만원
2022-04-01,인천광역시 부평구,10%,10%,10%,100만원
2022-04-01,인천광역시 연수구,10%,10%,10%,100만원
2022-04-01,인천광역시 옹진군,10%,10%,10%,100만원
2022-04-01,인천광역시 강화군,10%,10%,10%,100만원
2022-05-01,인천광역시 서구,10%,10%,10%,100만원
2022-05-01,인천광역시 계양구,10%,10%,10%,100만원
2022-05-01,인천광역시 남동구,10%,10%,10%,100만원
2022-05-01,인천광역시 동구,10%,10%,10%,100만원
2022-05-01,인천광역시 중구,10%,10%,10%,100만원
2022-05-01,인천광역시 미추홀구,10%,10%,10%,100만원
2022-05-01,인천광역시 부평구,10%,10%,10%,100만원
2022-05-01,인천광역시 연수구,10%,10%,10%,100만원
2022-05-01,인천광역시 옹진군,10%,10%,10%,100만원
2022-05-01,인천광역시 강화군,10%,10%,10%,100만원
2022-06-01,인천광역시 서구,10%,10%,10%,100만원
2022-06-01,인천광역시 계양구,10%,10%,10%,100만원
2022-06-01,인천광역시 남동구,10%,10%,10%,100만원
2022-06-01,인천광역시 동구,10%,10%,10%,100만원
2022-06-01,인천광역시 중구,10%,10%,10%,100만원
2022-06-01,인천광역시 미추홀구,10%,10%,10%,100만원
2022-06-01,인천광역시 부평구,10%,10%,10%,100만원
2022-06-01,인천광역시 연수구,10%,10%,10%,100만원
2022-06-01,인천광역시 옹진군,10%,10%,10%,100만원
2022-06-01,인천광역시 강화군,10%,10%,10%,100만원
2022-07-01,인천광역시 서구,5%,5%,5%,30만원
2022-07-01,인천광역시 계양구,5%,5%,5%,30만원
2022-07-01,인천광역시 남동구,5%,5%,5%,30만원
2022-07-01,인천광역시 동구,5%,5%,5%,30만원
2022-07-01,인천광역시 중구,5%,5%,5%,30만원
2022-07-01,인천광역시 미추홀구,5%,5%,5%,30만원
2022-07-01,인천광역시 부평구,5%,5%,5%,30만원
2022-07-01,인천광역시 연수구,5%,5%,5%,30만원
2022-07-01,인천광역시 옹진군,5%,5%,5%,30만원
2022-07-01,인천광역시 강화군,5%,5%,5%,30만원
2022-08-01,인천광역시 서구,5%,5%,5%,30만원
2022-08-01,인천광역시 계양구,5%,5%,5%,30만원
2022-08-01,인천광역시 남동구,5%,5%,5%,30만원
2022-08-01,인천광역시 동구,5%,5%,5%,30만원
2022-08-01,인천광역시 중구,5%,5%,5%,30만원
2022-08-01,인천광역시 미추홀구,5%,5%,5%,30만원
2022-08-01,인천광역시 부평구,5%,5%,5%,30만원
2022-08-01,인천광역시 연수구,5%,5%,5%,30만원
2022-08-01,인천광역시 옹진군,5%,5%,5%,30만원
2022-08-01,인천광역시 강화군,5%,5%,5%,30만원
2022-09-01,인천광역시 서구,5%,5%,5%,30만원
2022-09-01,인천광역시 계양구,5%,5%,5%,30만원
2022-09-01,인천광역시 남동구,5%,5%,5%,30만원
2022-09-01,인천광역시 동구,5%,5%,5%,30만원
2022-09-01,인천광역시 중구,5%,5%,5%,30만원
2022-09-01,인천광역시 미추홀구,5%,5%,5%,30만원
2022-09-01,인천광역시 부평구,5%,5%,5%,30만원
2022-09-01,인천광역시 연수구,5%,5%,5%,30만원
2022-09-01,인천광역시 옹진군,5%,5%,5%,30만원
2022-09-01,인천광역시 강화군,5%,5%,5%,30만원
2022-10-01,인천광역시 서구,10%,5%,5%,30만원
2022-10-01,인천광역시 계양구,10%,5%,5%,30만원
2022-10-01,인천광역시 남동구,10%,5%,5%,30만원
2022-10-01,인천광역시 동구,10%,5%,5%,30만원
2022-10-01,인천광역시 중구,10%,5%,5%,30만원
2022-10-01,인천광역시 미추홀구,10%,5%,5%,30만원
2022-10-01,인천광역시 부평구,10%,5%,5%,30만원
2022-10-01,인천광역시 연수구,10%,5%,5%,30만원
2022-10-01,인천광역시 옹진군,10%,5%,5%,30만원
2022-10-01,인천광역시 강화군,10%,5%,5%,30만원
2022-11-01,인천광역시 서구,10%,5%,5%,30만원
2022-11-01,인천광역시 계양구,10%,5%,5%,30만원
2022-11-01,인천광역시 남동구,10%,5%,5%,30만원
2022-11-01,인천광역시 동구,10%,5%,5%,30만원
2022-11-01,인천광역시 중구,10%,5%,5%,30만원
2022-11-01,인천광역시 미추홀구,10%,5%,5%,30만원
2022-11-01,인천광역시 부평구,10%,5%,5%,30만원
2022-11-01,인천광역시 연수구,10%,5%,5%,30만원
2022-11-01,인천광역시 옹진군,10%,5%,5%,30만원
2022-11-01,인천광역시 강화군,10%,5%,5%,30만원
2022-12-01,인천광역시 서구,10%,5%,5%,30만원
2022-12-01,인천광역시 계양구,10%,5%,5%,30만원
2022-12-01,인천광역시 남동구,10%,5%,5%,30만원
2022-12-01,인천광역시 동구,10%,5%,5%,30만원
2022-12-01,인천광역시 중구,10%,5%,5%,30만원
2022-12-01,인천광역시 미추홀구,10%,5%,5%,30만원
2022-12-01,인천광역시 부평구,10%,5%,5%,30만원
2022-12-01,인천광역시 연수구,10%,5%,5%,30만원
2022-12-01,인천광역시 옹진군,10%,5%,5%,30만원
2022-12-01,인천광역시 강화군,10%,5%,5%,30만원
2023-01-01,인천광역시 서구,10%,5%,5%,30만원
2023-01-01,인천광역시 계양구,10%,5%,5%,30만원
2023-01-01,인천광역시 남동구,10%,5%,5%,30만원
2023-01-01,인천광역시 동구,10%,5%,5%,30만원
2023-01-01,인천광역시 중구,10%,5%,5%,30만원
2023-01-01,인천광역시 미추홀구,10%,5%,5%,30만원
2023-01-01,인천광역시 부평구,10%,5%,5%,30만원
2023-01-01,인천광역시 연수구,10%,5%,5%,30만원
2023-01-01,인천광역시 옹진군,10%,5%,5%,30만원
2023-01-01,인천광역시 강화군,10%,5%,5%,30만원
2023-02-01,인천광역시 서구,10%,5%,5%,30만원
2023-02-01,인천광역시 계양구,10%,5%,5%,30만원
2023-02-01,인천광역시 남동구,10%,5%,5%,30만원
2023-02-01,인천광역시 동구,10%,5%,5%,30만원
2023-02-01,인천광역시 중구,10%,5%,5%,30만원
2023-02-01,인천광역시 미추홀구,10%,5%,5%,30만원
2023-02-01,인천광역시 부평구,10%,5%,5%,30만원
2023-02-01,인천광역시 연수구,10%,5%,5%,30만원
2023-02-01,인천광역시 옹진군,10%,5%,5%,30만원
2023-02-01,인천광역시 강화군,10%,5%,5%,30만원
2023-03-01,인천광역시 서구,10%,5%,5%,30만원
2023-03-01,인천광역시 계양구,10%,5%,5%,30만원
2023-03-01,인천광역시 남동구,10%,5%,5%,30만원
2023-03-01,인천광역시 동구,10%,5%,5%,30만원
2023-03-01,인천광역시 중구,10%,5%,5%,30만원
2023-03-01,인천광역시 미추홀구,10%,5%,5%,30만원
2023-03-01,인천광역시 부평구,10%,5%,5%,30만원
2023-03-01,인천광역시 연수구,10%,5%,5%,30만원
2023-03-01,인천광역시 옹진군,10%,5%,5%,30만원
2023-03-01,인천광역시 강화군,10%,5%,5%,30만원
2023-04-01,인천광역시 서구,10%,5%,5%,30만원
2023-04-01,인천광역시 계양구,10%,5%,5%,30만원
2023-04-01,인천광역시 남동구,10%,5%,5%,30만원
2023-04-01,인천광역시 동구,10%,5%,5%,30만원
2023-04-01,인천광역시 중구,10%,5%,5%,30만원
2023-04-01,인천광역시 미추홀구,10%,5%,5%,30만원
2023-04-01,인천광역시 부평구,10%,5%,5%,30만원
2023-04-01,인천광역시 연수구,10%,5%,5%,30만원
2023-04-01,인천광역시 옹진군,10%,5%,5%,30만원
2023-04-01,인천광역시 강화군,10%,5%,5%,30만원
2023-05-01,인천광역시 서구,10%,7%,7%,100만원
2023-05-01,인천광역시 계양구,10%,7%,7%,100만원
2023-05-01,인천광역시 남동구,10%,7%,7%,100만원
2023-05-01,인천광역시 동구,10%,7%,7%,100만원
2023-05-01,인천광역시 중구,10%,7%,7%,100만원
2023-05-01,인천광역시 미추홀구,10%,7%,7%,100만원
2023-05-01,인천광역시 부평구,10%,7%,7%,100만원
2023-05-01,인천광역시 연수구,10%,7%,7%,100만원
2023-05-01,인천광역시 옹진군,10%,7%,7%,100만원
2023-05-01,인천광역시 강화군,10%,7%,7%,100만원
2023-06-01,인천광역시 서구,10%,5%,5%,30만원
2023-06-01,인천광역시 계양구,10%,5%,5%,30만원
2023-06-01,인천광역시 남동구,10%,5%,5%,30만원
2023-06-01,인천광역시 동구,10%,5%,5%,30만원
2023-06-01,인천광역시 중구,10%,5%,5%,30만원
2023-06-01,인천광역시 미추홀구,10%,5%,5%,30만원
2023-06-01,인천광역시 부평구,10%,5%,5%,30만원
2023-06-01,인천광역시 연수구,10%,5%,5%,30만원
2023-06-01,인천광역시 옹진군,10%,5%,5%,30만원
2023-06-01,인천광역시 강화군,10%,5%,5%,30만원
2023-07-01,인천광역시 서구,10%,5%,5%,30만원
2023-07-01,인천광역시 계양구,10%,5%,5%,30만원
2023-07-01,인천광역시 남동구,10%,5%,5%,30만원
2023-07-01,인천광역시 동구,10%,5%,5%,30만원
2023-07-01,인천광역시 중구,10%,5%,5%,30만원
2023-07-01,인천광역시 미추홀구,10%,5%,5%,30만원
2023-07-01,인천광역시 부평구,10%,5%,5%,30만원
2023-07-01,인천광역시 연수구,10%,5%,5%,30만원
2023-07-01,인천광역시 옹진군,10%,5%,5%,30만원
2023-07-01,인천광역시 강화군,10%,5%,5%,30만원
2023-08-01,인천광역시 서구,10%,5%,5%,30만원
2023-08-01,인천광역시 계양구,10%,5%,5%,30만원
2023-08-01,인천광역시 남동구,10%,5%,5%,30만원
2023-08-01,인천광역시 동구,10%,5%,5%,30만원
2023-08-01,인천광역시 중구,10%,5%,5%,30만원
2023-08-01,인천광역시 미추홀구,10%,5%,5%,30만원
2023-08-01,인천광역시 부평구,10%,5%,5%,30만원
2023-08-01,인천광역시 연수구,10%,5%,5%,30만원
2023-08-01,인천광역시 옹진군,10%,5%,5%,30만원
2023-08-01,인천광역시 강화군,10%,5%,5%,30만원
2023-09-01,인천광역시 서구,10%,7%,7%,100만원
2023-09-01,인천광역시 계양구,10%,7%,7%,100만원
2023-09-01,인천광역시 남동구,10%,7%,7%,100만원
2023-09-01,인천광역시 동구,10%,7%,7%,100만원
2023-09-01,인천광역시 중구,10%,7%,7%,100만원
2023-09-01,인천광역시 미추홀구,10%,7%,7%,100만원
2023-09-01,인천광역시 부평구,10%,7%,7%,100만원
2023-09-01,인천광역시 연수구,10%,7%,7%,100만원
2023-09-01,인천광역시 옹진군,10%,7%,7%,100만원
2023-09-01,인천광역시 강화군,10%,7%,7%,100만원
2023-10-01,인천광역시 서구,10%,7%,0%,30만원
2023-10-01,인천광역시 계양구,10%,7%,0%,30만원
2023-10-01,인천광역시 남동구,10%,7%,0%,30만원
2023-10-01,인천광역시 동구,10%,7%,0%,30만원
2023-10-01,인천광역시 중구,10%,7%,0%,30만원
2023-10-01,인천광역시 미추홀구,10%,7%,0%,30만원
2023-10-01,인천광역시 부평구,10%,7%,0%,30만원
2023-10-01,인천광역시 연수구,10%,7%,0%,30만원
2023-10-01,인천광역시 옹진군,10%,7%,0%,30만원
2023-10-01,인천광역시 강화군,10%,7%,0%,30만원
2023-11-01,인천광역시 서구,10%,7%,0%,30만원
2023-11-01,인천광역시 계양구,10%,7%,0%,30만원
2023-11-01,인천광역시 남동구,10%,7%,0%,30만원
2023-11-01,인천광역시 동구,10%,7%,0%,30만원
2023-11-01,인천광역시 중구,10%,7%,0%,30만원
2023-11-01,인천광역시 미추홀구,10%,7%,0%,30만원
2023-11-01,인천광역시 부평구,10%,7%,0%,30만원
2023-11-01,인천광역시 연수구,10%,7%,0%,30만원
2023-11-01,인천광역시 옹진군,10%,7%,0%,30만원
2023-11-01,인천광역시 강화군,10%,7%,0%,30만원
2023-12-01,인천광역시 서구,10%,7%,0%,30만원
2023-12-01,인천광역시 계양구,10%,7%,0%,30만원
2023-12-01,인천광역시 남동구,10%,7%,0%,30만원
2023-12-01,인천광역시 동구,10%,7%,0%,30만원
2023-12-01,인천광역시 중구,10%,7%,0%,30만원
2023-12-01,인천광역시 미추홀구,10%,7%,0%,30만원
2023-12-01,인천광역시 부평구,10%,7%,0%,30만원
2023-12-01,인천광역시 연수구,10%,7%,0%,30만원
2023-12-01,인천광역시 옹진군,10%,7%,0%,30만원
2023-12-01,인천광역시 강화군,10%,7%,0%,30만원
2024-01-01,인천광역시 서구,10%,5%,0%,30만원
2024-01-01,인천광역시 계양구,10%,5%,0%,30만원
2024-01-01,인천광역시 남동구,10%,5%,0%,30만원
2024-01-01,인천광역시 동구,10%,5%,0%,30만원
2024-01-01,인천광역시 중구,10%,5%,0%,30만원
2024-01-01,인천광역시 미추홀구,10%,5%,0%,30만원
2024-01-01,인천광역시 부평구,10%,5%,0%,30만원
2024-01-01,인천광역시 연수구,10%,5%,0%,30만원
2024-01-01,인천광역시 옹진군,10%,5%,0%,30만원
2024-01-01,인천광역시 강화군,10%,5%,0%,30만원
2024-02-01,인천광역시 서구,10%,5%,0%,30만원
2024-02-01,인천광역시 계양구,10%,5%,0%,30만원
2024-02-01,인천광역시 남동구,10%,5%,0%,30만원
2024-02-01,인천광역시 동구,10%,5%,0%,30만원
2024-02-01,인천광역시 중구,10%,5%,0%,30만원
2024-02-01,인천광역시 미추홀구,10%,5%,0%,30만원
2024-02-01,인천광역시 부평구,10%,5%,0%,30만원
2024-02-01,인천광역시 연수구,10%,5%,0%,30만원
2024-02-01,인천광역시 옹진군,10%,5%,0%,30만원
2024-02-01,인천광역시 강화군,10%,5%,0%,30만원
2024-03-01,인천광역시 서구,10%,5%,0%,30만원
2024-03-01,인천광역시 계양구,10%,5%,0%,30만원
2024-03-01,인천광역시 남동구,10%,5%,0%,30만원
2024-03-01,인천광역시 동구,10%,5%,0%,30만원
2024-03-01,인천광역시 중구,10%,5%,0%,30만원
2024-03-01,인천광역시 미추홀구,10%,5%,0%,30만원
2024-03-01,인천광역시 부평구,10%,5%,0%,30만원
2024-03-01,인천광역시 연수구,10%,5%,0%,30만원
2024-03-01,인천광역시 옹진군,10%,5%,0%,30만원
2024-03-01,인천광역시 강화군,10%,5%,0%,30만원
2024-04-01,인천광역시 서구,10%,5%,0%,30만원
2024-04-01,인천광역시 계양구,10%,5%,0%,30만원
2024-04-01,인천광역시 남동구,10%,5%,0%,30만원
2024-04-01,인천광역시 동구,10%,5%,0%,30만원
2024-04-01,인천광역시 중구,10%,5%,0%,30만원
2024-04-01,인천광역시 미추홀구,10%,5%,0%,30만원
2024-04-01,인천광역시 부평구,10%,5%,0%,30만원
2024-04-01,인천광역시 연수구,10%,5%,0%,30만원
2024-04-01,인천광역시 옹진군,10%,5%,0%,30만원
2024-04-01,인천광역시 강화군,10%,5%,0%,30만원
2024-05-01,인천광역시 서구,10%,7%,0%,30만원
2024-05-01,인천광역시 계양구,10%,7%,0%,30만원
2024-05-01,인천광역시 남동구,10%,7%,0%,30만원
2024-05-01,인천광역시 동구,10%,7%,0%,30만원
2024-05-01,인천광역시 중구,10%,7%,0%,30만원
2024-05-01,인천광역시 미추홀구,10%,7%,0%,30만원
2024-05-01,인천광역시 부평구,10%,7%,0%,30만원
2024-05-01,인천광역시 연수구,10%,7%,0%,30만원
2024-05-01,인천광역시 옹진군,10%,7%,0%,30만원
2024-05-01,인천광역시 강화군,10%,7%,0%,30만원
2024-06-01,인천광역시 서구,10%,5%,0%,30만원
2024-06-01,인천광역시 계양구,10%,5%,0%,30만원
2024-06-01,인천광역시 남동구,10%,5%,0%,30만원
2024-06-01,인천광역시 동구,10%,5%,0%,30만원
2024-06-01,인천광역시 중구,10%,5%,0%,30만원
2024-06-01,인천광역시 미추홀구,10%,5%,0%,30만원
2024-06-01,인천광역시 부평구,10%,5%,0%,30만원
2024-06-01,인천광역시 연수구,10%,5%,0%,30만원
2024-06-01,인천광역시 옹진군,10%,5%,0%,30만원
2024-06-01,인천광역시 강화군,10%,5%,0%,30만원
2024-07-01,인천광역시 서구,10%,5%,0%,30만원
2024-07-01,인천광역시 계양구,10%,5%,0%,30만원
2024-07-01,인천광역시 남동구,10%,5%,0%,30만원
2024-07-01,인천광역시 동구,10%,5%,0%,30만원
2024-07-01,인천광역시 중구,10%,5%,0%,30만원
2024-07-01,인천광역시 미추홀구,10%,5%,0%,30만원
2024-07-01,인천광역시 부평구,10%,5%,0%,30만원
2024-07-01,인천광역시 연수구,10%,5%,0%,30만원
2024-07-01,인천광역시 옹진군,10%,10%,0%,30만원
2024-07-01,인천광역시 강화군,10%,10%,0%,30만원
2024-08-01,인천광역시 서구,10%,5%,0%,30만원
2024-08-01,인천광역시 계양구,10%,5%,0%,30만원
2024-08-01,인천광역시 남동구,10%,5%,0%,30만원
2024-08-01,인천광역시 동구,10%,5%,0%,30만원
2024-08-01,인천광역시 중구,10%,5%,0%,30만원
2024-08-01,인천광역시 미추홀구,10%,5%,0%,30만원
2024-08-01,인천광역시 부평구,10%,5%,0%,30만원
2024-08-01,인천광역시 연수구,10%,5%,0%,30만원
2024-08-01,인천광역시 옹진군,10%,10%,0%,30만원
2024-08-01,인천광역시 강화군,10%,10%,0%,30만원
2024-09-01,인천광역시 서구,10%,7%,0%,30만원
2024-09-01,인천광역시 계양구,10%,7%,0%,30만원
2024-09-01,인천광역시 남동구,10%,7%,0%,30만원
2024-09-01,인천광역시 동구,10%,7%,0%,30만원
2024-09-01,인천광역시 중구,10%,7%,0%,30만원
2024-09-01,인천광역시 미추홀구,10%,7%,0%,30만원
2024-09-01,인천광역시 부평구,10%,7%,0%,30만원
2024-09-01,인천광역시 연수구,10%,7%,0%,30만원
2024-09-01,인천광역시 옹진군,10%,10%,0%,30만원
2024-09-01,인천광역시 강화군,10%,10%,0%,30만원
2024-10-01,인천광역시 서구,10%,5%,0%,30만원
2024-10-01,인천광역시 계양구,10%,5%,0%,30만원
2024-10-01,인천광역시 남동구,10%,5%,0%,30만원
2024-10-01,인천광역시 동구,10%,5%,0%,30만원
2024-10-01,인천광역시 중구,10%,5%,0%,30만원
2024-10-01,인천광역시 미추홀구,10%,5%,0%,30만원
2024-10-01,인천광역시 부평구,10%,5%,0%,30만원
2024-10-01,인천광역시 연수구,10%,5%,0%,30만원
2024-10-01,인천광역시 옹진군,10%,10%,0%,30만원
2024-10-01,인천광역시 강화군,10%,10%,0%,30만원
2024-11-01,인천광역시 서구,10%,5%,0%,30만원
2024-11-01,인천광역시 계양구,10%,5%,0%,30만원
2024-11-01,인천광역시 남동구,10%,5%,0%,30만원
2024-11-01,인천광역시 동구,10%,5%,0%,30만원
2024-11-01,인천광역시 중구,10%,5%,0%,30만원
2024-11-01,인천광역시 미추홀구,10%,5%,0%,30만원
2024-11-01,인천광역시 부평구,10%,5%,0%,30만원
2024-11-01,인천광역시 연수구,10%,5%,0%,30만원
2024-11-01,인천광역시 옹진군,10%,10%,0%,30만원
2024-11-01,인천광역시 강화군,10%,10%,0%,30만원
2024-12-01,인천광역시 서구,10%,5%,0%,30만원
2024-12-01,인천광역시 계양구,10%,5%,0%,30만원
2024-12-01,인천광역시 남동구,10%,5%,0%,30만원
2024-12-01,인천광역시 동구,10%,5%,0%,30만원
2024-12-01,인천광역시 중구,10%,5%,0%,30만원
2024-12-01,인천광역시 미추홀구,10%,5%,0%,30만원
2024-12-01,인천광역시 부평구,10%,5%,0%,30만원
2024-12-01,인천광역시 연수구,10%,5%,0%,30만원
2024-12-01,인천광역시 옹진군,10%,10%,0%,30만원
2024-12-01,인천광역시 강화군,10%,10%,0%,30만원
2025-01-01,인천광역시 서구,10%,5%,0%,30만원
2025-01-01,인천광역시 계양구,10%,5%,0%,30만원
2025-01-01,인천광역시 남동구,10%,5%,0%,30만원
2025-01-01,인천광역시 동구,10%,5%,0%,30만원
2025-01-01,인천광역시 중구,10%,5%,0%,30만원
2025-01-01,인천광역시 미추홀구,10%,5%,0%,30만원
2025-01-01,인천광역시 부평구,10%,5%,0%,30만원
2025-01-01,인천광역시 연수구,10%,5%,0%,30만원
2025-01-01,인천광역시 옹진군,10%,10%,0%,30만원
2025-01-01,인천광역시 강화군,10%,10%,0%,30만원
2025-02-01,인천광역시 서구,10%,5%,0%,30만원
2025-02-01,인천광역시 계양구,10%,5%,0%,30만원
2025-02-01,인천광역시 남동구,10%,5%,0%,30만원
2025-02-01,인천광역시 동구,10%,5%,0%,30만원
2025-02-01,인천광역시 중구,10%,5%,0%,30만원
2025-02-01,인천광역시 미추홀구,10%,5%,0%,30만원
2025-02-01,인천광역시 부평구,10%,5%,0%,30만원
2025-02-01,인천광역시 연수구,10%,5%,0%,30만원
2025-02-01,인천광역시 옹진군,10%,10%,0%,30만원
2025-02-01,인천광역시 강화군,10%,10%,0%,30만원
